source_paper_id,source_paper,source_figure,journal_page,pdf_page,topic,finding_or_reported_value,data_status
P2,"Tobushi, Ohashi, Saida, Hori & Shirai (1992)",Fig. 2,85,2,Experiment A recovery stress,"Recovery stress tested at T2=373 K with maximum strains 1%, 2%, 4% and 6%.",Reported in paper text; not digitised into primary dataset
P2,"Tobushi, Ohashi, Saida, Hori & Shirai (1992)",Fig. 3,86,3,Stress-temperature cycling,"For epsilon_m=4% and T2=373 K, stress-temperature curves were examined for N=1 and N=100 cycles; high-temperature stress, low-temperature stress and recovery stress were compared.",Reported in paper text/figure; not digitised into primary dataset
P2,"Tobushi, Ohashi, Saida, Hori & Shirai (1992)",Fig. 4,87,4,Cyclic recovery-stress behaviour,Recovery-stress-related quantities decrease in the early thermal cycles and become approximately constant after repeated cycling; epsilon_m=4% and T2=373 K.,Reported in paper text/figure; not digitised into primary dataset
P2,"Tobushi, Ohashi, Saida, Hori & Shirai (1992)",Fig. 5,87,4,Residual-strain dependence,Recovery stress under thermal cycling decreases with increasing residual strain; the paper notes that small residual strain is effective for obtaining high recovery stress.,Reported in paper text/figure; not digitised into primary dataset
P2,"Tobushi, Ohashi, Saida, Hori & Shirai (1992)",Fig. 6,87,4,Heating-temperature dependence,"For maximum strain epsilon_m=2%, stresses increase with heating temperature below about 353 K; above about 353 K the increase becomes small.",Reported in paper text/figure; not digitised into primary dataset
P2,"Tobushi, Ohashi, Saida, Hori & Shirai (1992)",Fig. 8,88,5,Recovery-strain experiment,"Recovery-strain experiments were conducted under constant maximum stress; initial strains of 1%, 2%, 4% and 6% were compared at T2=373 K.",Reported in paper text/figure; not digitised into primary dataset
P2,"Tobushi, Ohashi, Saida, Hori & Shirai (1992)",Fig. 9,89,6,Strain-temperature cycling,"Strain-temperature curves were measured under constant stress for multiple initial strains and cycle counts N=1,2,5,20,50,100 at T2=333 K, 353 K and 373 K conditions.",Reported in paper text/figure; not digitised into primary dataset
P2,"Tobushi, Ohashi, Saida, Hori & Shirai (1992)",Experimental procedure,85,2,Material and thermal conditions,Material was Ti-55.3 wt% Ni wire; Af was about 323 K; heating/cooling rate was about 1.5 K/s.,Reported explicitly in paper; contextual benchmark only
P2,"Tobushi, Ohashi, Saida, Hori & Shirai (1992)",Conclusion,89,6,Main recovery-stress conclusion,Recovery stress under thermal cycling decreases with increasing residual strain; recovery stress and high-temperature stress increase with heating temperature while their rates of increase decrease above Af+30 K.,Reported explicitly in paper; contextual benchmark only
