source_paper_id,source_paper,source_figure,journal_page,pdf_page,material_system,prestrain_percent,prestrain_temperature_k,recovered_strain_percent,residual_strain_percent,extraction_note,total_observed_strain_percent,recovery_fraction_percent,residual_fraction_percent,prestrain_centered,temperature_centered,interaction,pareto_optimal_recovery_residual
P1,"Kusagawa, Nakamura & Asada (2001)",Fig. 9(a),62,6,Ni-Ti-Nb SMA,1,253,0.5,0.05,Digitised from Fig. 9(a); approximate reading from plotted markers,0.55,90.9090909090909,9.090909090909092,-2.6666666666666665,-10.0,26.666666666666664,True
P1,"Kusagawa, Nakamura & Asada (2001)",Fig. 9(a),62,6,Ni-Ti-Nb SMA,1,263,0.42,0.02,Digitised from Fig. 9(a); approximate reading from plotted markers,0.44,95.45454545454545,4.545454545454546,-2.6666666666666665,0.0,-0.0,True
P1,"Kusagawa, Nakamura & Asada (2001)",Fig. 9(a),62,6,Ni-Ti-Nb SMA,1,273,0.21,0.02,Digitised from Fig. 9(a); approximate reading from plotted markers,0.22999999999999998,91.30434782608697,8.695652173913045,-2.6666666666666665,10.0,-26.666666666666664,False
P1,"Kusagawa, Nakamura & Asada (2001)",Fig. 9(b),62,6,Ni-Ti-Nb SMA,3,253,2.2,0.17,Digitised from Fig. 9(b); approximate reading from plotted markers,2.37,92.82700421940928,7.172995780590717,-0.6666666666666665,-10.0,6.666666666666665,True
P1,"Kusagawa, Nakamura & Asada (2001)",Fig. 9(b),62,6,Ni-Ti-Nb SMA,3,263,2.05,0.19,Digitised from Fig. 9(b); approximate reading from plotted markers,2.2399999999999998,91.51785714285714,8.482142857142858,-0.6666666666666665,0.0,-0.0,False
P1,"Kusagawa, Nakamura & Asada (2001)",Fig. 9(b),62,6,Ni-Ti-Nb SMA,3,273,1.67,0.4,Digitised from Fig. 9(b); approximate reading from plotted markers,2.07,80.67632850241546,19.323671497584545,-0.6666666666666665,10.0,-6.666666666666665,False
P1,"Kusagawa, Nakamura & Asada (2001)",Fig. 9(c),62,6,Ni-Ti-Nb SMA,7,253,5.5,0.55,Digitised from Fig. 9(c); approximate reading from plotted markers,6.05,90.90909090909092,9.090909090909092,3.3333333333333335,-10.0,-33.333333333333336,True
P1,"Kusagawa, Nakamura & Asada (2001)",Fig. 9(c),62,6,Ni-Ti-Nb SMA,7,263,5.2,0.85,Digitised from Fig. 9(c); approximate reading from plotted markers,6.05,85.9504132231405,14.049586776859504,3.3333333333333335,0.0,0.0,False
P1,"Kusagawa, Nakamura & Asada (2001)",Fig. 9(c),62,6,Ni-Ti-Nb SMA,7,273,4.65,1.2,Digitised from Fig. 9(c); approximate reading from plotted markers,5.8500000000000005,79.48717948717949,20.51282051282051,3.3333333333333335,10.0,33.333333333333336,False
