source_figure,prestrain_percent,prestrain_temperature_k,recovered_strain_percent,residual_strain_percent,recovery_fraction_percent,residual_fraction_percent
Fig. 9(a),1,253,0.5,0.05,90.9090909090909,9.090909090909092
Fig. 9(a),1,263,0.42,0.02,95.45454545454545,4.545454545454546
Fig. 9(a),1,273,0.21,0.02,91.30434782608697,8.695652173913045
Fig. 9(b),3,253,2.2,0.17,92.82700421940928,7.172995780590717
Fig. 9(b),3,263,2.05,0.19,91.51785714285714,8.482142857142858
Fig. 9(b),3,273,1.67,0.4,80.67632850241546,19.323671497584545
Fig. 9(c),7,253,5.5,0.55,90.90909090909092,9.090909090909092
Fig. 9(c),7,263,5.2,0.85,85.9504132231405,14.049586776859504
Fig. 9(c),7,273,4.65,1.2,79.48717948717949,20.51282051282051
